symbol,dir,entry_date,exit_date,entry,exit,sl_dist,rr,R,pnl,equity,bars
GBPNZD,-1,2020-04-30 23:00:00+00:00,2020-05-13 23:00:00+00:00,2.0540799340057374,2.0404399195861815,0.05053581510271345,1.5000000000000002,0.2699078740855906,31.486181112838587,10031.48618111284,10
GBPNZD,-1,2020-05-21 23:00:00+00:00,2020-06-03 23:00:00+00:00,1.995049997215271,1.9558200398635863,0.04556432792118611,1.5,0.8609796114965621,120.55357612421494,10152.039757237055,10
XAUUSD,-1,2020-11-10 05:00:00+00:00,2020-11-23 05:00:00+00:00,1864.0299755859373,1837.870048828125,71.11432756696422,1.5,0.3678573313258024,46.17859969887036,10046.178599698871,10
GBPNZD,-1,2020-11-13 00:00:00+00:00,2020-11-26 00:00:00+00:00,1.9183700522232057,1.9111200133514403,0.035318544932774296,1.5,0.2052756954049252,22.259505314179265,10174.299262551234,10
XAUUSD,-1,2020-11-30 05:00:00+00:00,2020-12-07 05:00:00+00:00,1784.93,1856.5142996651787,71.51429966517857,1.5,-1.0,-159.69267899548305,9886.485920703388,6
GBPNZD,-1,2020-12-14 00:00:00+00:00,2020-12-25 00:00:00+00:00,1.8756900271224977,1.9108199635696408,0.04091857160840716,1.5,-0.8585328144720796,-140.02454671738974,10034.274715833844,10
XAUUSD,-1,2021-03-04 05:00:00+00:00,2021-03-17 04:00:00+00:00,1708.3300244140626,1727.1699755859374,67.67145647321425,1.5,-0.27840321686192926,-50.28644225675993,9836.199478446628,10
CADJPY,-1,2021-07-19 23:00:00+00:00,2021-07-20 23:00:00+00:00,85.89300262451172,87.95543343680245,2.0574308122907388,1.5,-1.0,-159.0,9841.0,2
CADJPY,-1,2021-08-22 23:00:00+00:00,2021-08-31 23:00:00+00:00,85.67599975585938,87.50186048235211,1.8208607264927454,1.5,-1.0,-156.61499999999998,9684.385,8
AUDCHF,-1,2021-10-14 23:00:00+00:00,2021-10-27 23:00:00+00:00,0.6853000008583069,0.6881499803543091,0.011512892586844308,1.5,-0.2475467806638651,-46.13201709957976,9953.86798290042,10
GBPNZD,-1,2021-11-02 00:00:00+00:00,2021-11-15 00:00:00+00:00,1.9019600590515138,1.9048399487686158,0.026775683675493767,1.5,-0.10755615998473515,-25.188720850005115,10009.08599498384,10
GBPNZD,-1,2022-03-07 00:00:00+00:00,2022-03-18 00:00:00+00:00,1.9217199524688722,1.909239963645935,0.040065697261265666,1.5,0.3114881226590433,37.76567109165658,10046.851666075496,10
GBPNZD,-1,2022-03-25 00:00:00+00:00,2022-04-06 23:00:00+00:00,1.8942599734115602,1.8909999886703488,0.039568543434143004,1.5,0.08238829277699365,3.416144348274816,10050.267810423771,10
XAUUSD,-1,2022-05-10 04:00:00+00:00,2022-05-23 04:00:00+00:00,1853.8300244140626,1847.870048828125,62.64283970424104,1.4999999999999998,0.09514216810854642,5.037560164913485,9841.237038611542,10
GBPNZD,-1,2022-07-18 23:00:00+00:00,2022-07-31 23:00:00+00:00,1.9413299998092648,1.9376899758529662,0.033191442489624086,1.5,0.10966754329633276,7.532822703590824,10057.800633127363,10
GBPNZD,-1,2022-09-26 23:00:00+00:00,2022-09-29 23:00:00+00:00,1.900200053100586,1.948811514036996,0.048491460936410054,1.5,-1.0,-159.86700949691044,9897.933623630452,4
GBPNZD,-1,2022-12-02 00:00:00+00:00,2022-12-15 00:00:00+00:00,1.9241400202560426,1.924210027809143,0.03312139851706391,1.5,-0.002113665371476222,-9.313813793241568,9888.61980983721,10
CADJPY,-1,2022-12-05 00:00:00+00:00,2022-12-16 00:00:00+00:00,99.99400054931641,100.85499847412109,3.0128609793526806,1.5,-0.28577419625570166,-50.513210094086595,9633.871789905914,10
XAUUSD,-1,2023-01-27 05:00:00+00:00,2023-02-09 05:00:00+00:00,1929.230048828125,1878.57,53.3428955078126,1.4999999999999998,0.9497056420700946,131.19417510777853,9972.431213719321,10
GBPNZD,-1,2023-05-11 23:00:00+00:00,2023-05-23 23:00:00+00:00,1.9869200428771974,2.023348655019488,0.03630861214229042,1.5,-1.0,-157.32929714755815,9731.290512689651,9
GBPNZD,-1,2023-09-19 23:00:00+00:00,2023-09-28 23:00:00+00:00,2.082620068435669,2.0356314546476098,0.03124574252537306,1.5,1.5,209.95403653551716,9941.244549225168,8
GBPNZD,-1,2023-12-26 00:00:00+00:00,2024-01-08 00:00:00+00:00,2.015200062637329,2.035229996795654,0.035208531788417465,1.5,-0.568894331598179,-93.83276509628239,9847.411784128886,10
GBPNZD,-1,2024-05-12 23:00:00+00:00,2024-05-23 23:00:00+00:00,2.0806800564575196,2.081790045852661,0.027510029929024897,1.4999999999999998,-0.040348534625557986,-14.959929530160782,9832.451854598725,10
CADJPY,-1,2024-07-18 23:00:00+00:00,2024-07-23 23:00:00+00:00,114.6740008544922,111.02785705566407,2.427429199218758,1.5,1.5,207.76211527288305,9841.633905178796,4
CADJPY,-1,2024-07-24 23:00:00+00:00,2024-08-01 23:00:00+00:00,111.42799865722657,106.7869251360212,3.0907156808035814,1.5,1.5,212.43676286652294,10054.070668045319,7
CADJPY,-1,2024-08-04 23:00:00+00:00,2024-08-14 23:00:00+00:00,104.85300170898438,108.54700469970703,3.6890029907226602,1.5,-1.0,-159.81106002067978,9894.259608024639,9
CADJPY,-1,2025-02-28 00:00:00+00:00,2025-03-13 00:00:00+00:00,103.84899627685549,103.24299896240234,2.1857147216796897,1.5,0.27725361797785225,32.14828910305436,9926.407897127692,10
XAUUSD,-1,2025-05-15 04:00:00+00:00,2025-05-23 04:00:00+00:00,3180.730048828125,3360.0714983258927,179.27144949776786,1.5,-1.0,-158.5864682057898,9813.844745513532,7
GBPNZD,-1,2025-06-11 23:00:00+00:00,2025-06-24 23:00:00+00:00,2.246179982070923,2.2649598876190185,0.032451459339686614,1.5,-0.5787075814223416,-94.35171648339667,9738.100138115327,10
GBPNZD,-1,2025-07-28 23:00:00+00:00,2025-08-10 23:00:00+00:00,2.2366298874664308,2.259820059890747,0.02988723346165261,1.4999999999999998,-0.7759223500586228,-122.34014316408964,9615.759994951237,10
GBPNZD,-1,2025-09-14 23:00:00+00:00,2025-09-17 23:00:00+00:00,2.275659962539673,2.3021970817020962,0.02641711916242346,1.5000000000000002,-1.0,-153.23639992426854,9462.523595026969,4
XAUUSD,-1,2025-09-18 04:00:00+00:00,2025-09-23 04:00:00+00:00,3692.43,3798.05712890625,105.55712890625,1.5,-1.0,-156.20767118270297,9657.637074330829,4
AUDCHF,-1,2025-12-05 00:00:00+00:00,2025-12-18 00:00:00+00:00,0.5305500113487244,0.5249460256576538,0.00889801127570016,1.5,0.6298020442359583,85.03449605528309,10038.902478955702,10
GBPNZD,-1,2026-02-10 00:00:00+00:00,2026-02-23 00:00:00+00:00,2.260049982910156,2.2540701190185546,0.03565287590026868,1.5,0.16772458716454508,14.806467952659983,9477.330062979629,10
GBPNZD,-1,2026-05-17 23:00:00+00:00,2026-05-28 23:00:00+00:00,2.281380101089477,2.261319951171875,0.028652872358049603,1.5,0.7001095620337238,90.52754099462567,9567.857603974255,10
GBPNZD,-1,2026-05-31 23:00:00+00:00,2026-06-02 23:00:00+00:00,2.248619957809448,2.285922867911202,0.03718291010175407,1.5,-1.0,-152.51786405961383,9415.339739914642,3
CADJPY,-1,2026-06-18 23:00:00+00:00,2026-07-01 23:00:00+00:00,114.0210009765625,114.31699645996093,1.0091465541294642,1.5,-0.2933126830659077,-52.67312000269707,9873.734777124995,10
XAUUSD,-1,2026-06-30 04:00:00+00:00,2026-07-14 04:00:00+00:00,4032.43,4069.769951171875,266.814208984375,1.5,-0.13994738628804437,-29.273415994066728,9628.363658336762,10
CADJPY,-1,2026-08-03 23:00:00+00:00,2026-08-11 23:00:00+00:00,112.13699829101563,114.46899850027901,2.327000209263395,1.5,-1.0,-157.10602165687493,9716.62875546812,7
CADJPY,-1,2026-09-08 23:00:00+00:00,2026-09-21 23:00:00+00:00,111.36099731445313,112.13900268554687,2.163999285016741,1.5,-0.3595220093095928,-61.400128408219004,9655.228627059902,10
